{
  "model_type": "logistic",
  "best_params": {
    "classifier__C": 0.0745934328572655
  },
  "metrics": {
    "roc_auc": 0.8053571428571429,
    "average_precision": 0.6247583577793913,
    "accuracy": 0.77,
    "precision": 0.5897435897435898,
    "recall": 0.7666666666666667,
    "f1": 0.6666666666666666,
    "optimization_metric": "average_precision"
  },
  "training_time": 1789.7173535823822
}