{
  "model_type": "random_forest",
  "best_params": {
    "classifier__max_depth": 44,
    "classifier__min_samples_leaf": 1,
    "classifier__min_samples_split": 6,
    "classifier__n_estimators": 430
  },
  "metrics": {
    "roc_auc": 0.7838095238095238,
    "average_precision": 0.9000379745045097,
    "accuracy": 0.715,
    "precision": 0.7902097902097902,
    "recall": 0.8071428571428572,
    "f1": 0.7985865724381626,
    "optimization_metric": "f1"
  },
  "training_time": 1086.0171632766724
}