{
  "model_type": "xgboost",
  "best_params": {
    "classifier__colsample_bytree": 0.6482131165247735,
    "classifier__learning_rate": 0.17254716573280354,
    "classifier__max_depth": 5,
    "classifier__n_estimators": 221,
    "classifier__subsample": 0.7571539027086853
  },
  "metrics": {
    "roc_auc": 0.7258333333333333,
    "average_precision": 0.8461573443889481,
    "accuracy": 0.7,
    "precision": 0.7777777777777778,
    "recall": 0.8,
    "f1": 0.7887323943661971,
    "optimization_metric": "roc_auc"
  },
  "training_time": 1088.0541460514069
}